idiom,meaning,telugu_translation,context_keywords
Spill the beans,reveal a secret,రహస్యం బయట పెట్టడం,reveal a secret
Break the ice,start a conversation,సంభాషణ ప్రారంభించడం,start a conversation
Hit the sack,go to sleep,నిద్రకు వెళ్లడం,go to sleep
Piece of cake,very easy,చాలా సులభం,very easy
Once in a blue moon,very rarely,చాలా అరుదుగా,very rarely
Under the weather,feeling sick,అనారోగ్యంగా ఉండడం,feeling sick
Burn the midnight oil,work late at night,రాత్రి ఆలస్యంగా పని చేయడం,work late at night
Cost an arm and a leg,very expensive,చాలా ఖరీదైనది,very expensive
Bite the bullet,face a difficult situation,కష్టాన్ని ధైర్యంగా ఎదుర్కోవడం,face a difficult situation
Kill two birds with one stone,achieve two things at once,ఒకేసారి రెండు పనులు చేయడం,achieve two things at
Let the cat out of the bag,reveal a secret accidentally,రహస్యం పొరపాటున బయట పెట్టడం,reveal a secret accidentally
Beat around the bush,avoid the main topic,విషయాన్ని తప్పించడం,avoid the main topic
Hit the nail on the head,say exactly right,సరైన మాట చెప్పడం,say exactly right
Add fuel to the fire,make situation worse,సమస్యను పెంచడం,make situation worse
Cry over spilled milk,regret something done,జరిగినదానిపై బాధపడడం,regret something done
Pull someone's leg,tease someone,ఎవరినైనా సరదాగా ఆటపట్టించడం,tease someone
Break a leg,good luck,శుభాకాంక్షలు,good luck
In hot water,in trouble,ఇబ్బందుల్లో పడటం,in trouble
The ball is in your court,it's your decision,ఇప్పుడు నిర్ణయం నీదే,it's your decision
A blessing in disguise,something good hidden,చెడులో మంచిది,something good hidden
On cloud nine,very happy,చాలా సంతోషంగా,very happy
Go the extra mile,make extra effort,ఎక్కువ కష్టపడడం,make extra effort
Throw in the towel,give up,ఓటమి అంగీకరించడం,give up
Back to square one,start again,మళ్లీ మొదటి నుండి ప్రారంభించడం,start again
Hit the books,start studying,చదువు ప్రారంభించడం,start studying
Call it a day,stop working,పనిని ముగించడం,stop working
The last straw,final problem,చివరి సమస్య,final problem
No pain no gain,effort brings success,కష్టమే ఫలితాన్ని ఇస్తుంది,effort brings success
A fish out of water,uncomfortable situation,అసౌకర్యంగా ఉండటం,uncomfortable situation
Jump on the bandwagon,follow trend,ట్రెండ్‌ను అనుసరించడం,follow trend
Put all eggs in one basket,risk everything,ఒకే ఆశపై ఆధారపడటం,risk everything
Miss the boat,lose opportunity,అవకాశం కోల్పోవడం,lose opportunity
Go bananas,become crazy,పిచ్చిగా ప్రవర్తించడం,become crazy
Hit the road,start journey,ప్రయాణం ప్రారంభించడం,start journey
Cut corners,do something cheaply,పనిని సరిగా చేయకపోవడం,do something cheaply
Make ends meet,manage finances,ఖర్చులను నిర్వహించడం,manage finances
Sit on the fence,avoid decision,నిర్ణయం తీసుకోకపోవడం,avoid decision
A storm in a tea cup,small issue exaggerated,చిన్న సమస్యను పెద్దదిగా చేయడం,small issue exaggerated
Tip of the iceberg,small visible part,పెద్ద సమస్యలో చిన్న భాగం,small visible part
Speak of the devil,person appears when mentioned,చెప్పగానే ప్రత్యక్షమవడం,person appears when mentioned
Through thick and thin,in good and bad times,సుఖదుఃఖాలలో కూడా,in good and bad
The early bird catches the worm,success comes to those who act early,ముందుగా పనిచేసేవారికి విజయం,success comes to those
Actions speak louder than words,actions are more important,మాటలకంటే పనులు ముఖ్యం,actions are more important
Barking up the wrong tree,wrong approach,తప్పు మార్గంలో ప్రయత్నించడం,wrong approach
Burn bridges,destroy relationships,సంబంధాలను చెడగొట్టడం,destroy relationships
Elephant in the room,obvious problem ignored,అందరికీ తెలిసిన సమస్యను పట్టించుకోకపోవడం,obvious problem ignored
Get cold feet,become nervous,భయపడటం,become nervous
Hit the jackpot,great success,పెద్ద విజయం సాధించడం,great success
Keep an eye on,watch carefully,జాగ్రత్తగా గమనించడం,watch carefully
Let sleeping dogs lie,avoid trouble,సమస్యను లేపకపోవడం,avoid trouble
Spill the beans,reveal a secret,రహస్యం బయట పెట్టడం,reveal a secret
Break the ice,start a conversation,సంభాషణ ప్రారంభించడం,start a conversation
Hit the sack,go to sleep,నిద్రకు వెళ్లడం,go to sleep
Piece of cake,very easy,చాలా సులభం,very easy
Once in a blue moon,very rarely,చాలా అరుదుగా,very rarely
Under the weather,feeling sick,అనారోగ్యంగా ఉండడం,feeling sick
Burn the midnight oil,work late at night,రాత్రి ఆలస్యంగా పని చేయడం,work late at night
Cost an arm and a leg,very expensive,చాలా ఖరీదైనది,very expensive
Bite the bullet,face a difficult situation,కష్టాన్ని ధైర్యంగా ఎదుర్కోవడం,face a difficult situation
Kill two birds with one stone,achieve two things at once,ఒకేసారి రెండు పనులు చేయడం,achieve two things at
Let the cat out of the bag,reveal a secret accidentally,రహస్యం పొరపాటున బయట పెట్టడం,reveal a secret accidentally
Beat around the bush,avoid the main topic,విషయాన్ని తప్పించడం,avoid the main topic
Hit the nail on the head,say exactly right,సరైన మాట చెప్పడం,say exactly right
Add fuel to the fire,make situation worse,సమస్యను పెంచడం,make situation worse
Cry over spilled milk,regret something done,జరిగినదానిపై బాధపడడం,regret something done
Pull someone's leg,tease someone,ఎవరినైనా సరదాగా ఆటపట్టించడం,tease someone
Break a leg,good luck,శుభాకాంక్షలు,good luck
In hot water,in trouble,ఇబ్బందుల్లో పడటం,in trouble
The ball is in your court,it's your decision,ఇప్పుడు నిర్ణయం నీదే,it's your decision
A blessing in disguise,something good hidden,చెడులో మంచిది,something good hidden
On cloud nine,very happy,చాలా సంతోషంగా,very happy
Go the extra mile,make extra effort,ఎక్కువ కష్టపడడం,make extra effort
Throw in the towel,give up,ఓటమి అంగీకరించడం,give up
Back to square one,start again,మళ్లీ మొదటి నుండి ప్రారంభించడం,start again
Hit the books,start studying,చదువు ప్రారంభించడం,start studying
Call it a day,stop working,పనిని ముగించడం,stop working
The last straw,final problem,చివరి సమస్య,final problem
No pain no gain,effort brings success,కష్టమే ఫలితాన్ని ఇస్తుంది,effort brings success
A fish out of water,uncomfortable situation,అసౌకర్యంగా ఉండటం,uncomfortable situation
Jump on the bandwagon,follow trend,ట్రెండ్‌ను అనుసరించడం,follow trend
Put all eggs in one basket,risk everything,ఒకే ఆశపై ఆధారపడటం,risk everything
Miss the boat,lose opportunity,అవకాశం కోల్పోవడం,lose opportunity
Go bananas,become crazy,పిచ్చిగా ప్రవర్తించడం,become crazy
Hit the road,start journey,ప్రయాణం ప్రారంభించడం,start journey
Cut corners,do something cheaply,పనిని సరిగా చేయకపోవడం,do something cheaply
Make ends meet,manage finances,ఖర్చులను నిర్వహించడం,manage finances
Sit on the fence,avoid decision,నిర్ణయం తీసుకోకపోవడం,avoid decision
A storm in a teacup,small issue exaggerated,చిన్న సమస్యను పెద్దదిగా చేయడం,small issue exaggerated
Tip of the iceberg,small visible part,పెద్ద సమస్యలో చిన్న భాగం,small visible part
Speak of the devil,person appears when mentioned,చెప్పగానే ప్రత్యక్షమవడం,person appears when mentioned
Through thick and thin,in good and bad times,సుఖదుఃఖాలలో కూడా,in good and bad
The early bird catches the worm,success comes to those who act early,ముందుగా పనిచేసేవారికి విజయం,success comes to those
Actions speak louder than words,actions are more important,మాటలకంటే పనులు ముఖ్యం,actions are more important
Barking up the wrong tree,wrong approach,తప్పు మార్గంలో ప్రయత్నించడం,wrong approach
Burn bridges,destroy relationships,సంబంధాలను చెడగొట్టడం,destroy relationships
Elephant in the room,obvious problem ignored,అందరికీ తెలిసిన సమస్యను పట్టించుకోకపోవడం,obvious problem ignored
Get cold feet,become nervous,భయపడటం,become nervous
Hit the jackpot,great success,పెద్ద విజయం సాధించడం,great success
Keep an eye on,watch carefully,జాగ్రత్తగా గమనించడం,watch carefully
Let sleeping dogs lie,avoid trouble,సమస్యను లేపకపోవడం,avoid trouble
Spill the beans,reveal a secret,రహస్యం బయట పెట్టడం,reveal a secret
Break the ice,start a conversation,సంభాషణ ప్రారంభించడం,start a conversation
Hit the sack,go to sleep,నిద్రకు వెళ్లడం,go to sleep
Piece of cake,very easy,చాలా సులభం,very easy
Once in a blue moon,very rarely,చాలా అరుదుగా,very rarely
Under the weather,feeling sick,అనారోగ్యంగా ఉండడం,feeling sick
Burn the midnight oil,work late at night,రాత్రి ఆలస్యంగా పని చేయడం,work late at night
Cost an arm and a leg,very expensive,చాలా ఖరీదైనది,very expensive
Bite the bullet,face a difficult situation,కష్టాన్ని ధైర్యంగా ఎదుర్కోవడం,face a difficult situation
Kill two birds with one stone,achieve two things at once,ఒకేసారి రెండు పనులు చేయడం,achieve two things at
Let the cat out of the bag,reveal a secret accidentally,రహస్యం పొరపాటున బయట పెట్టడం,reveal a secret accidentally
Beat around the bush,avoid the main topic,విషయాన్ని తప్పించడం,avoid the main topic
Hit the nail on the head,say exactly right,సరైన మాట చెప్పడం,say exactly right
Add fuel to the fire,make situation worse,సమస్యను పెంచడం,make situation worse
Cry over spilled milk,regret something done,జరిగినదానిపై బాధపడడం,regret something done
Pull someone's leg,tease someone,ఎవరినైనా సరదాగా ఆటపట్టించడం,tease someone
Break a leg,good luck,శుభాకాంక్షలు,good luck
In hot water,in trouble,ఇబ్బందుల్లో పడటం,in trouble
The ball is in your court,it's your decision,ఇప్పుడు నిర్ణయం నీదే,it's your decision
A blessing in disguise,something good hidden,చెడులో మంచిది,something good hidden
On cloud nine,very happy,చాలా సంతోషంగా,very happy
Go the extra mile,make extra effort,ఎక్కువ కష్టపడడం,make extra effort
Throw in the towel,give up,ఓటమి అంగీకరించడం,give up
Back to square one,start again,మళ్లీ మొదటి నుండి ప్రారంభించడం,start again
Hit the books,start studying,చదువు ప్రారంభించడం,start studying
Call it a day,stop working,పనిని ముగించడం,stop working
The last straw,final problem,చివరి సమస్య,final problem
No pain no gain,effort brings success,కష్టమే ఫలితాన్ని ఇస్తుంది,effort brings success
A fish out of water,uncomfortable situation,అసౌకర్యంగా ఉండటం,uncomfortable situation
Jump on the bandwagon,follow trend,ట్రెండ్‌ను అనుసరించడం,follow trend
Put all eggs in one basket,risk everything,ఒకే ఆశపై ఆధారపడటం,risk everything
Miss the boat,lose opportunity,అవకాశం కోల్పోవడం,lose opportunity
Go bananas,become crazy,పిచ్చిగా ప్రవర్తించడం,become crazy
Hit the road,start journey,ప్రయాణం ప్రారంభించడం,start journey
Cut corners,do something cheaply,పనిని సరిగా చేయకపోవడం,do something cheaply
Make ends meet,manage finances,ఖర్చులను నిర్వహించడం,manage finances
Sit on the fence,avoid decision,నిర్ణయం తీసుకోకపోవడం,avoid decision
A storm in a teacup,small issue exaggerated,చిన్న సమస్యను పెద్దదిగా చేయడం,small issue exaggerated
Tip of the iceberg,small visible part,పెద్ద సమస్యలో చిన్న భాగం,small visible part
Speak of the devil,person appears when mentioned,చెప్పగానే ప్రత్యక్షమవడం,person appears when mentioned
Through thick and thin,in good and bad times,సుఖదుఃఖాలలో కూడా,in good and bad
The early bird catches the worm,success comes to those who act early,ముందుగా పనిచేసేవారికి విజయం,success comes to those
Actions speak louder than words,actions are more important,మాటలకంటే పనులు ముఖ్యం,actions are more important
Barking up the wrong tree,wrong approach,తప్పు మార్గంలో ప్రయత్నించడం,wrong approach
Burn bridges,destroy relationships,సంబంధాలను చెడగొట్టడం,destroy relationships
Elephant in the room,obvious problem ignored,అందరికీ తెలిసిన సమస్యను పట్టించుకోకపోవడం,obvious problem ignored
Get cold feet,become nervous,భయపడటం,become nervous
Hit the jackpot,great success,పెద్ద విజయం సాధించడం,great success
Keep an eye on,watch carefully,జాగ్రత్తగా గమనించడం,watch carefully
Let sleeping dogs lie,avoid trouble,సమస్యను లేపకపోవడం,avoid trouble
Spill the beans,reveal a secret,రహస్యం బయట పెట్టడం,reveal a secret
Break the ice,start a conversation,సంభాషణ ప్రారంభించడం,start a conversation
Hit the sack,go to sleep,నిద్రకు వెళ్లడం,go to sleep
Piece of cake,very easy,చాలా సులభం,very easy
Once in a blue moon,very rarely,చాలా అరుదుగా,very rarely
Under the weather,feeling sick,అనారోగ్యంగా ఉండడం,feeling sick
Burn the midnight oil,work late at night,రాత్రి ఆలస్యంగా పని చేయడం,work late at night
Cost an arm and a leg,very expensive,చాలా ఖరీదైనది,very expensive
Bite the bullet,face a difficult situation,కష్టాన్ని ధైర్యంగా ఎదుర్కోవడం,face a difficult situation
Kill two birds with one stone,achieve two things at once,ఒకేసారి రెండు పనులు చేయడం,achieve two things at
Let the cat out of the bag,reveal a secret accidentally,రహస్యం పొరపాటున బయట పెట్టడం,reveal a secret accidentally
Beat around the bush,avoid the main topic,విషయాన్ని తప్పించడం,avoid the main topic
Hit the nail on the head,say exactly right,సరైన మాట చెప్పడం,say exactly right
Add fuel to the fire,make situation worse,సమస్యను పెంచడం,make situation worse
Cry over spilled milk,regret something done,జరిగినదానిపై బాధపడడం,regret something done
Pull someone's leg,tease someone,ఎవరినైనా సరదాగా ఆటపట్టించడం,tease someone
Break a leg,good luck,శుభాకాంక్షలు,good luck
In hot water,in trouble,ఇబ్బందుల్లో పడటం,in trouble
The ball is in your court,it's your decision,ఇప్పుడు నిర్ణయం నీదే,it's your decision
A blessing in disguise,something good hidden,చెడులో మంచిది,something good hidden
On cloud nine,very happy,చాలా సంతోషంగా,very happy
Go the extra mile,make extra effort,ఎక్కువ కష్టపడడం,make extra effort
Throw in the towel,give up,ఓటమి అంగీకరించడం,give up
Back to square one,start again,మళ్లీ మొదటి నుండి ప్రారంభించడం,start again
Hit the books,start studying,చదువు ప్రారంభించడం,start studying
Call it a day,stop working,పనిని ముగించడం,stop working
The last straw,final problem,చివరి సమస్య,final problem
No pain no gain,effort brings success,కష్టమే ఫలితాన్ని ఇస్తుంది,effort brings success
A fish out of water,uncomfortable situation,అసౌకర్యంగా ఉండటం,uncomfortable situation
Jump on the bandwagon,follow trend,ట్రెండ్‌ను అనుసరించడం,follow trend
Put all eggs in one basket,risk everything,ఒకే ఆశపై ఆధారపడటం,risk everything
Miss the boat,lose opportunity,అవకాశం కోల్పోవడం,lose opportunity
Go bananas,become crazy,పిచ్చిగా ప్రవర్తించడం,become crazy
Hit the road,start journey,ప్రయాణం ప్రారంభించడం,start journey
Cut corners,do something cheaply,పనిని సరిగా చేయకపోవడం,do something cheaply
Make ends meet,manage finances,ఖర్చులను నిర్వహించడం,manage finances
Sit on the fence,avoid decision,నిర్ణయం తీసుకోకపోవడం,avoid decision
A storm in a teacup,small issue exaggerated,చిన్న సమస్యను పెద్దదిగా చేయడం,small issue exaggerated
Tip of the iceberg,small visible part,పెద్ద సమస్యలో చిన్న భాగం,small visible part
Speak of the devil,person appears when mentioned,చెప్పగానే ప్రత్యక్షమవడం,person appears when mentioned
Through thick and thin,in good and bad times,సుఖదుఃఖాలలో కూడా,in good and bad
The early bird catches the worm,success comes to those who act early,ముందుగా పనిచేసేవారికి విజయం,success comes to those
Actions speak louder than words,actions are more important,మాటలకంటే పనులు ముఖ్యం,actions are more important
Barking up the wrong tree,wrong approach,తప్పు మార్గంలో ప్రయత్నించడం,wrong approach
Burn bridges,destroy relationships,సంబంధాలను చెడగొట్టడం,destroy relationships
Elephant in the room,obvious problem ignored,అందరికీ తెలిసిన సమస్యను పట్టించుకోకపోవడం,obvious problem ignored
Get cold feet,become nervous,భయపడటం,become nervous
Hit the jackpot,great success,పెద్ద విజయం సాధించడం,great success
Keep an eye on,watch carefully,జాగ్రత్తగా గమనించడం,watch carefully
Let sleeping dogs lie,avoid trouble,సమస్యను లేపకపోవడం,avoid trouble
Spill the beans,reveal a secret,రహస్యం బయట పెట్టడం,reveal a secret
Break the ice,start a conversation,సంభాషణ ప్రారంభించడం,start a conversation
Hit the sack,go to sleep,నిద్రకు వెళ్లడం,go to sleep
Piece of cake,very easy,చాలా సులభం,very easy
Once in a blue moon,very rarely,చాలా అరుదుగా,very rarely
Under the weather,feeling sick,అనారోగ్యంగా ఉండడం,feeling sick
Burn the midnight oil,work late at night,రాత్రి ఆలస్యంగా పని చేయడం,work late at night
Cost an arm and a leg,very expensive,చాలా ఖరీదైనది,very expensive
Bite the bullet,face a difficult situation,కష్టాన్ని ధైర్యంగా ఎదుర్కోవడం,face a difficult situation
Kill two birds with one stone,achieve two things at once,ఒకేసారి రెండు పనులు చేయడం,achieve two things at
Let the cat out of the bag,reveal a secret accidentally,రహస్యం పొరపాటున బయట పెట్టడం,reveal a secret accidentally
Beat around the bush,avoid the main topic,విషయాన్ని తప్పించడం,avoid the main topic
Hit the nail on the head,say exactly right,సరైన మాట చెప్పడం,say exactly right
Add fuel to the fire,make situation worse,సమస్యను పెంచడం,make situation worse
Cry over spilled milk,regret something done,జరిగినదానిపై బాధపడడం,regret something done
Pull someone's leg,tease someone,ఎవరినైనా సరదాగా ఆటపట్టించడం,tease someone
Break a leg,good luck,శుభాకాంక్షలు,good luck
In hot water,in trouble,ఇబ్బందుల్లో పడటం,in trouble
The ball is in your court,it's your decision,ఇప్పుడు నిర్ణయం నీదే,it's your decision
A blessing in disguise,something good hidden,చెడులో మంచిది,something good hidden
On cloud nine,very happy,చాలా సంతోషంగా,very happy
Go the extra mile,make extra effort,ఎక్కువ కష్టపడడం,make extra effort
Throw in the towel,give up,ఓటమి అంగీకరించడం,give up
Back to square one,start again,మళ్లీ మొదటి నుండి ప్రారంభించడం,start again
Hit the books,start studying,చదువు ప్రారంభించడం,start studying
Call it a day,stop working,పనిని ముగించడం,stop working
The last straw,final problem,చివరి సమస్య,final problem
No pain no gain,effort brings success,కష్టమే ఫలితాన్ని ఇస్తుంది,effort brings success
A fish out of water,uncomfortable situation,అసౌకర్యంగా ఉండటం,uncomfortable situation
Jump on the bandwagon,follow trend,ట్రెండ్‌ను అనుసరించడం,follow trend
Put all eggs in one basket,risk everything,ఒకే ఆశపై ఆధారపడటం,risk everything
Miss the boat,lose opportunity,అవకాశం కోల్పోవడం,lose opportunity
Go bananas,become crazy,పిచ్చిగా ప్రవర్తించడం,become crazy
Hit the road,start journey,ప్రయాణం ప్రారంభించడం,start journey
Cut corners,do something cheaply,పనిని సరిగా చేయకపోవడం,do something cheaply
Make ends meet,manage finances,ఖర్చులను నిర్వహించడం,manage finances
Sit on the fence,avoid decision,నిర్ణయం తీసుకోకపోవడం,avoid decision
A storm in a teacup,small issue exaggerated,చిన్న సమస్యను పెద్దదిగా చేయడం,small issue exaggerated
Tip of the iceberg,small visible part,పెద్ద సమస్యలో చిన్న భాగం,small visible part
Speak of the devil,person appears when mentioned,చెప్పగానే ప్రత్యక్షమవడం,person appears when mentioned
Through thick and thin,in good and bad times,సుఖదుఃఖాలలో కూడా,in good and bad
The early bird catches the worm,success comes to those who act early,ముందుగా పనిచేసేవారికి విజయం,success comes to those
Actions speak louder than words,actions are more important,మాటలకంటే పనులు ముఖ్యం,actions are more important
Barking up the wrong tree,wrong approach,తప్పు మార్గంలో ప్రయత్నించడం,wrong approach
Burn bridges,destroy relationships,సంబంధాలను చెడగొట్టడం,destroy relationships
Elephant in the room,obvious problem ignored,అందరికీ తెలిసిన సమస్యను పట్టించుకోకపోవడం,obvious problem ignored
Get cold feet,become nervous,భయపడటం,become nervous
Hit the jackpot,great success,పెద్ద విజయం సాధించడం,great success
Keep an eye on,watch carefully,జాగ్రత్తగా గమనించడం,watch carefully
Let sleeping dogs lie,avoid trouble,సమస్యను లేపకపోవడం,avoid trouble
Spill the beans,reveal a secret,రహస్యం బయట పెట్టడం,reveal a secret
Break the ice,start a conversation,సంభాషణ ప్రారంభించడం,start a conversation
Hit the sack,go to sleep,నిద్రకు వెళ్లడం,go to sleep
Piece of cake,very easy,చాలా సులభం,very easy
Once in a blue moon,very rarely,చాలా అరుదుగా,very rarely
Under the weather,feeling sick,అనారోగ్యంగా ఉండడం,feeling sick
Burn the midnight oil,work late at night,రాత్రి ఆలస్యంగా పని చేయడం,work late at night
Cost an arm and a leg,very expensive,చాలా ఖరీదైనది,very expensive
Bite the bullet,face a difficult situation,కష్టాన్ని ధైర్యంగా ఎదుర్కోవడం,face a difficult situation
Kill two birds with one stone,achieve two things at once,ఒకేసారి రెండు పనులు చేయడం,achieve two things at
Let the cat out of the bag,reveal a secret accidentally,రహస్యం పొరపాటున బయట పెట్టడం,reveal a secret accidentally
Beat around the bush,avoid the main topic,విషయాన్ని తప్పించడం,avoid the main topic
Hit the nail on the head,say exactly right,సరైన మాట చెప్పడం,say exactly right
Add fuel to the fire,make situation worse,సమస్యను పెంచడం,make situation worse
Cry over spilled milk,regret something done,జరిగినదానిపై బాధపడడం,regret something done
Pull someone's leg,tease someone,ఎవరినైనా సరదాగా ఆటపట్టించడం,tease someone
Break a leg,good luck,శుభాకాంక్షలు,good luck
In hot water,in trouble,ఇబ్బందుల్లో పడటం,in trouble
The ball is in your court,it's your decision,ఇప్పుడు నిర్ణయం నీదే,it's your decision
A blessing in disguise,something good hidden,చెడులో మంచిది,something good hidden
On cloud nine,very happy,చాలా సంతోషంగా,very happy
Go the extra mile,make extra effort,ఎక్కువ కష్టపడడం,make extra effort
Throw in the towel,give up,ఓటమి అంగీకరించడం,give up
Back to square one,start again,మళ్లీ మొదటి నుండి ప్రారంభించడం,start again
Hit the books,start studying,చదువు ప్రారంభించడం,start studying
Call it a day,stop working,పనిని ముగించడం,stop working
The last straw,final problem,చివరి సమస్య,final problem
No pain no gain,effort brings success,కష్టమే ఫలితాన్ని ఇస్తుంది,effort brings success
A fish out of water,uncomfortable situation,అసౌకర్యంగా ఉండటం,uncomfortable situation
Jump on the bandwagon,follow trend,ట్రెండ్‌ను అనుసరించడం,follow trend
Put all eggs in one basket,risk everything,ఒకే ఆశపై ఆధారపడటం,risk everything
Miss the boat,lose opportunity,అవకాశం కోల్పోవడం,lose opportunity
Go bananas,become crazy,పిచ్చిగా ప్రవర్తించడం,become crazy
Hit the road,start journey,ప్రయాణం ప్రారంభించడం,start journey
Cut corners,do something cheaply,పనిని సరిగా చేయకపోవడం,do something cheaply
Make ends meet,manage finances,ఖర్చులను నిర్వహించడం,manage finances
Sit on the fence,avoid decision,నిర్ణయం తీసుకోకపోవడం,avoid decision
A storm in a teacup,small issue exaggerated,చిన్న సమస్యను పెద్దదిగా చేయడం,small issue exaggerated
Tip of the iceberg,small visible part,పెద్ద సమస్యలో చిన్న భాగం,small visible part
Speak of the devil,person appears when mentioned,చెప్పగానే ప్రత్యక్షమవడం,person appears when mentioned
Through thick and thin,in good and bad times,సుఖదుఃఖాలలో కూడా,in good and bad
The early bird catches the worm,success comes to those who act early,ముందుగా పనిచేసేవారికి విజయం,success comes to those
Actions speak louder than words,actions are more important,మాటలకంటే పనులు ముఖ్యం,actions are more important
Barking up the wrong tree,wrong approach,తప్పు మార్గంలో ప్రయత్నించడం,wrong approach
Burn bridges,destroy relationships,సంబంధాలను చెడగొట్టడం,destroy relationships
Elephant in the room,obvious problem ignored,అందరికీ తెలిసిన సమస్యను పట్టించుకోకపోవడం,obvious problem ignored
Get cold feet,become nervous,భయపడటం,become nervous
Hit the jackpot,great success,పెద్ద విజయం సాధించడం,great success
Keep an eye on,watch carefully,జాగ్రత్తగా గమనించడం,watch carefully
Let sleeping dogs lie,avoid trouble,సమస్యను లేపకపోవడం,avoid trouble
Spill the beans,reveal a secret,రహస్యం బయట పెట్టడం,reveal a secret
Break the ice,start a conversation,సంభాషణ ప్రారంభించడం,start a conversation
Hit the sack,go to sleep,నిద్రకు వెళ్లడం,go to sleep
Piece of cake,very easy,చాలా సులభం,very easy
Once in a blue moon,very rarely,చాలా అరుదుగా,very rarely
Under the weather,feeling sick,అనారోగ్యంగా ఉండడం,feeling sick
Burn the midnight oil,work late at night,రాత్రి ఆలస్యంగా పని చేయడం,work late at night
Cost an arm and a leg,very expensive,చాలా ఖరీదైనది,very expensive
Bite the bullet,face a difficult situation,కష్టాన్ని ధైర్యంగా ఎదుర్కోవడం,face a difficult situation
Kill two birds with one stone,achieve two things at once,ఒకేసారి రెండు పనులు చేయడం,achieve two things at
Let the cat out of the bag,reveal a secret accidentally,రహస్యం పొరపాటున బయట పెట్టడం,reveal a secret accidentally
Beat around the bush,avoid the main topic,విషయాన్ని తప్పించడం,avoid the main topic
Hit the nail on the head,say exactly right,సరైన మాట చెప్పడం,say exactly right
Add fuel to the fire,make situation worse,సమస్యను పెంచడం,make situation worse
Cry over spilled milk,regret something done,జరిగినదానిపై బాధపడడం,regret something done
Pull someone's leg,tease someone,ఎవరినైనా సరదాగా ఆటపట్టించడం,tease someone
Break a leg,good luck,శుభాకాంక్షలు,good luck
In hot water,in trouble,ఇబ్బందుల్లో పడటం,in trouble
The ball is in your court,it's your decision,ఇప్పుడు నిర్ణయం నీదే,it's your decision
A blessing in disguise,something good hidden,చెడులో మంచిది,something good hidden
On cloud nine,very happy,చాలా సంతోషంగా,very happy
Go the extra mile,make extra effort,ఎక్కువ కష్టపడడం,make extra effort
Throw in the towel,give up,ఓటమి అంగీకరించడం,give up
Back to square one,start again,మళ్లీ మొదటి నుండి ప్రారంభించడం,start again
Hit the books,start studying,చదువు ప్రారంభించడం,start studying
Call it a day,stop working,పనిని ముగించడం,stop working
The last straw,final problem,చివరి సమస్య,final problem
No pain no gain,effort brings success,కష్టమే ఫలితాన్ని ఇస్తుంది,effort brings success
A fish out of water,uncomfortable situation,అసౌకర్యంగా ఉండటం,uncomfortable situation
Jump on the bandwagon,follow trend,ట్రెండ్‌ను అనుసరించడం,follow trend
Put all eggs in one basket,risk everything,ఒకే ఆశపై ఆధారపడటం,risk everything
Miss the boat,lose opportunity,అవకాశం కోల్పోవడం,lose opportunity
Go bananas,become crazy,పిచ్చిగా ప్రవర్తించడం,become crazy
Hit the road,start journey,ప్రయాణం ప్రారంభించడం,start journey
Cut corners,do something cheaply,పనిని సరిగా చేయకపోవడం,do something cheaply
Make ends meet,manage finances,ఖర్చులను నిర్వహించడం,manage finances
Sit on the fence,avoid decision,నిర్ణయం తీసుకోకపోవడం,avoid decision
A storm in a teacup,small issue exaggerated,చిన్న సమస్యను పెద్దదిగా చేయడం,small issue exaggerated
Tip of the iceberg,small visible part,పెద్ద సమస్యలో చిన్న భాగం,small visible part
Speak of the devil,person appears when mentioned,చెప్పగానే ప్రత్యక్షమవడం,person appears when mentioned
Through thick and thin,in good and bad times,సుఖదుఃఖాలలో కూడా,in good and bad
The early bird catches the worm,success comes to those who act early,ముందుగా పనిచేసేవారికి విజయం,success comes to those
Actions speak louder than words,actions are more important,మాటలకంటే పనులు ముఖ్యం,actions are more important
Barking up the wrong tree,wrong approach,తప్పు మార్గంలో ప్రయత్నించడం,wrong approach
Burn bridges,destroy relationships,సంబంధాలను చెడగొట్టడం,destroy relationships
Elephant in the room,obvious problem ignored,అందరికీ తెలిసిన సమస్యను పట్టించుకోకపోవడం,obvious problem ignored
Get cold feet,become nervous,భయపడటం,become nervous
Hit the jackpot,great success,పెద్ద విజయం సాధించడం,great success
Keep an eye on,watch carefully,జాగ్రత్తగా గమనించడం,watch carefully
Let sleeping dogs lie,avoid trouble,సమస్యను లేపకపోవడం,avoid trouble
Spill the beans,reveal a secret,రహస్యం బయట పెట్టడం,reveal a secret
Break the ice,start a conversation,సంభాషణ ప్రారంభించడం,start a conversation
Hit the sack,go to sleep,నిద్రకు వెళ్లడం,go to sleep
Piece of cake,very easy,చాలా సులభం,very easy
Once in a blue moon,very rarely,చాలా అరుదుగా,very rarely
Under the weather,feeling sick,అనారోగ్యంగా ఉండడం,feeling sick
Burn the midnight oil,work late at night,రాత్రి ఆలస్యంగా పని చేయడం,work late at night
Cost an arm and a leg,very expensive,చాలా ఖరీదైనది,very expensive
Bite the bullet,face a difficult situation,కష్టాన్ని ధైర్యంగా ఎదుర్కోవడం,face a difficult situation
Kill two birds with one stone,achieve two things at once,ఒకేసారి రెండు పనులు చేయడం,achieve two things at
Let the cat out of the bag,reveal a secret accidentally,రహస్యం పొరపాటున బయట పెట్టడం,reveal a secret accidentally
Beat around the bush,avoid the main topic,విషయాన్ని తప్పించడం,avoid the main topic
Hit the nail on the head,say exactly right,సరైన మాట చెప్పడం,say exactly right
Add fuel to the fire,make situation worse,సమస్యను పెంచడం,make situation worse
Cry over spilled milk,regret something done,జరిగినదానిపై బాధపడడం,regret something done
Pull someone's leg,tease someone,ఎవరినైనా సరదాగా ఆటపట్టించడం,tease someone
Break a leg,good luck,శుభాకాంక్షలు,good luck
In hot water,in trouble,ఇబ్బందుల్లో పడటం,in trouble
The ball is in your court,it's your decision,ఇప్పుడు నిర్ణయం నీదే,it's your decision
A blessing in disguise,something good hidden,చెడులో మంచిది,something good hidden
On cloud nine,very happy,చాలా సంతోషంగా,very happy
Go the extra mile,make extra effort,ఎక్కువ కష్టపడడం,make extra effort
Throw in the towel,give up,ఓటమి అంగీకరించడం,give up
Back to square one,start again,మళ్లీ మొదటి నుండి ప్రారంభించడం,start again
Hit the books,start studying,చదువు ప్రారంభించడం,start studying
Call it a day,stop working,పనిని ముగించడం,stop working
The last straw,final problem,చివరి సమస్య,final problem
No pain no gain,effort brings success,కష్టమే ఫలితాన్ని ఇస్తుంది,effort brings success
A fish out of water,uncomfortable situation,అసౌకర్యంగా ఉండటం,uncomfortable situation
Jump on the bandwagon,follow trend,ట్రెండ్‌ను అనుసరించడం,follow trend
Put all eggs in one basket,risk everything,ఒకే ఆశపై ఆధారపడటం,risk everything
Miss the boat,lose opportunity,అవకాశం కోల్పోవడం,lose opportunity
Go bananas,become crazy,పిచ్చిగా ప్రవర్తించడం,become crazy
Hit the road,start journey,ప్రయాణం ప్రారంభించడం,start journey
Cut corners,do something cheaply,పనిని సరిగా చేయకపోవడం,do something cheaply
Make ends meet,manage finances,ఖర్చులను నిర్వహించడం,manage finances
Sit on the fence,avoid decision,నిర్ణయం తీసుకోకపోవడం,avoid decision
A storm in a teacup,small issue exaggerated,చిన్న సమస్యను పెద్దదిగా చేయడం,small issue exaggerated
Tip of the iceberg,small visible part,పెద్ద సమస్యలో చిన్న భాగం,small visible part
Speak of the devil,person appears when mentioned,చెప్పగానే ప్రత్యక్షమవడం,person appears when mentioned
Through thick and thin,in good and bad times,సుఖదుఃఖాలలో కూడా,in good and bad
The early bird catches the worm,success comes to those who act early,ముందుగా పనిచేసేవారికి విజయం,success comes to those
Actions speak louder than words,actions are more important,మాటలకంటే పనులు ముఖ్యం,actions are more important
Barking up the wrong tree,wrong approach,తప్పు మార్గంలో ప్రయత్నించడం,wrong approach
Burn bridges,destroy relationships,సంబంధాలను చెడగొట్టడం,destroy relationships
Elephant in the room,obvious problem ignored,అందరికీ తెలిసిన సమస్యను పట్టించుకోకపోవడం,obvious problem ignored
Get cold feet,become nervous,భయపడటం,become nervous
Hit the jackpot,great success,పెద్ద విజయం సాధించడం,great success
Keep an eye on,watch carefully,జాగ్రత్తగా గమనించడం,watch carefully
Let sleeping dogs lie,avoid trouble,సమస్యను లేపకపోవడం,avoid trouble
Spill the beans,reveal a secret,రహస్యం బయట పెట్టడం,reveal a secret
Break the ice,start a conversation,సంభాషణ ప్రారంభించడం,start a conversation
Hit the sack,go to sleep,నిద్రకు వెళ్లడం,go to sleep
Piece of cake,very easy,చాలా సులభం,very easy
Once in a blue moon,very rarely,చాలా అరుదుగా,very rarely
Under the weather,feeling sick,అనారోగ్యంగా ఉండడం,feeling sick
Burn the midnight oil,work late at night,రాత్రి ఆలస్యంగా పని చేయడం,work late at night
Cost an arm and a leg,very expensive,చాలా ఖరీదైనది,very expensive
Bite the bullet,face a difficult situation,కష్టాన్ని ధైర్యంగా ఎదుర్కోవడం,face a difficult situation
Kill two birds with one stone,achieve two things at once,ఒకేసారి రెండు పనులు చేయడం,achieve two things at
Let the cat out of the bag,reveal a secret accidentally,రహస్యం పొరపాటున బయట పెట్టడం,reveal a secret accidentally
Beat around the bush,avoid the main topic,విషయాన్ని తప్పించడం,avoid the main topic
Hit the nail on the head,say exactly right,సరైన మాట చెప్పడం,say exactly right
Add fuel to the fire,make situation worse,సమస్యను పెంచడం,make situation worse
Cry over spilled milk,regret something done,జరిగినదానిపై బాధపడడం,regret something done
Pull someone's leg,tease someone,ఎవరినైనా సరదాగా ఆటపట్టించడం,tease someone
Break a leg,good luck,శుభాకాంక్షలు,good luck
In hot water,in trouble,ఇబ్బందుల్లో పడటం,in trouble
The ball is in your court,it's your decision,ఇప్పుడు నిర్ణయం నీదే,it's your decision
A blessing in disguise,something good hidden,చెడులో మంచిది,something good hidden
On cloud nine,very happy,చాలా సంతోషంగా,very happy
Go the extra mile,make extra effort,ఎక్కువ కష్టపడడం,make extra effort
Throw in the towel,give up,ఓటమి అంగీకరించడం,give up
Back to square one,start again,మళ్లీ మొదటి నుండి ప్రారంభించడం,start again
Hit the books,start studying,చదువు ప్రారంభించడం,start studying
Call it a day,stop working,పనిని ముగించడం,stop working
The last straw,final problem,చివరి సమస్య,final problem
No pain no gain,effort brings success,కష్టమే ఫలితాన్ని ఇస్తుంది,effort brings success
A fish out of water,uncomfortable situation,అసౌకర్యంగా ఉండటం,uncomfortable situation
Jump on the bandwagon,follow trend,ట్రెండ్‌ను అనుసరించడం,follow trend
Put all eggs in one basket,risk everything,ఒకే ఆశపై ఆధారపడటం,risk everything
Miss the boat,lose opportunity,అవకాశం కోల్పోవడం,lose opportunity
Go bananas,become crazy,పిచ్చిగా ప్రవర్తించడం,become crazy
Hit the road,start journey,ప్రయాణం ప్రారంభించడం,start journey
Cut corners,do something cheaply,పనిని సరిగా చేయకపోవడం,do something cheaply
Make ends meet,manage finances,ఖర్చులను నిర్వహించడం,manage finances
Sit on the fence,avoid decision,నిర్ణయం తీసుకోకపోవడం,avoid decision
A storm in a teacup,small issue exaggerated,చిన్న సమస్యను పెద్దదిగా చేయడం,small issue exaggerated
Tip of the iceberg,small visible part,పెద్ద సమస్యలో చిన్న భాగం,small visible part
Speak of the devil,person appears when mentioned,చెప్పగానే ప్రత్యక్షమవడం,person appears when mentioned
Through thick and thin,in good and bad times,సుఖదుఃఖాలలో కూడా,in good and bad
The early bird catches the worm,success comes to those who act early,ముందుగా పనిచేసేవారికి విజయం,success comes to those
Actions speak louder than words,actions are more important,మాటలకంటే పనులు ముఖ్యం,actions are more important
Barking up the wrong tree,wrong approach,తప్పు మార్గంలో ప్రయత్నించడం,wrong approach
Burn bridges,destroy relationships,సంబంధాలను చెడగొట్టడం,destroy relationships
Elephant in the room,obvious problem ignored,అందరికీ తెలిసిన సమస్యను పట్టించుకోకపోవడం,obvious problem ignored
Get cold feet,become nervous,భయపడటం,become nervous
Hit the jackpot,great success,పెద్ద విజయం సాధించడం,great success
Keep an eye on,watch carefully,జాగ్రత్తగా గమనించడం,watch carefully
Let sleeping dogs lie,avoid trouble,సమస్యను లేపకపోవడం,avoid trouble
Spill the beans,reveal a secret,రహస్యం బయట పెట్టడం,reveal a secret
Break the ice,start a conversation,సంభాషణ ప్రారంభించడం,start a conversation
Hit the sack,go to sleep,నిద్రకు వెళ్లడం,go to sleep
Piece of cake,very easy,చాలా సులభం,very easy
Once in a blue moon,very rarely,చాలా అరుదుగా,very rarely
Under the weather,feeling sick,అనారోగ్యంగా ఉండడం,feeling sick
Burn the midnight oil,work late at night,రాత్రి ఆలస్యంగా పని చేయడం,work late at night
Cost an arm and a leg,very expensive,చాలా ఖరీదైనది,very expensive
Bite the bullet,face a difficult situation,కష్టాన్ని ధైర్యంగా ఎదుర్కోవడం,face a difficult situation
Kill two birds with one stone,achieve two things at once,ఒకేసారి రెండు పనులు చేయడం,achieve two things at
Let the cat out of the bag,reveal a secret accidentally,రహస్యం పొరపాటున బయట పెట్టడం,reveal a secret accidentally
Beat around the bush,avoid the main topic,విషయాన్ని తప్పించడం,avoid the main topic
Hit the nail on the head,say exactly right,సరైన మాట చెప్పడం,say exactly right
Add fuel to the fire,make situation worse,సమస్యను పెంచడం,make situation worse
Cry over spilled milk,regret something done,జరిగినదానిపై బాధపడడం,regret something done
Pull someone's leg,tease someone,ఎవరినైనా సరదాగా ఆటపట్టించడం,tease someone
Break a leg,good luck,శుభాకాంక్షలు,good luck
In hot water,in trouble,ఇబ్బందుల్లో పడటం,in trouble
The ball is in your court,it's your decision,ఇప్పుడు నిర్ణయం నీదే,it's your decision
A blessing in disguise,something good hidden,చెడులో మంచిది,something good hidden
On cloud nine,very happy,చాలా సంతోషంగా,very happy
Go the extra mile,make extra effort,ఎక్కువ కష్టపడడం,make extra effort
Throw in the towel,give up,ఓటమి అంగీకరించడం,give up
Back to square one,start again,మళ్లీ మొదటి నుండి ప్రారంభించడం,start again
Hit the books,start studying,చదువు ప్రారంభించడం,start studying
Call it a day,stop working,పనిని ముగించడం,stop working
The last straw,final problem,చివరి సమస్య,final problem
No pain no gain,effort brings success,కష్టమే ఫలితాన్ని ఇస్తుంది,effort brings success
A fish out of water,uncomfortable situation,అసౌకర్యంగా ఉండటం,uncomfortable situation
Jump on the bandwagon,follow trend,ట్రెండ్‌ను అనుసరించడం,follow trend
Put all eggs in one basket,risk everything,ఒకే ఆశపై ఆధారపడటం,risk everything
Miss the boat,lose opportunity,అవకాశం కోల్పోవడం,lose opportunity
Go bananas,become crazy,పిచ్చిగా ప్రవర్తించడం,become crazy
Hit the road,start journey,ప్రయాణం ప్రారంభించడం,start journey
Cut corners,do something cheaply,పనిని సరిగా చేయకపోవడం,do something cheaply
Make ends meet,manage finances,ఖర్చులను నిర్వహించడం,manage finances
Sit on the fence,avoid decision,నిర్ణయం తీసుకోకపోవడం,avoid decision
A storm in a teacup,small issue exaggerated,చిన్న సమస్యను పెద్దదిగా చేయడం,small issue exaggerated
Tip of the iceberg,small visible part,పెద్ద సమస్యలో చిన్న భాగం,small visible part
Speak of the devil,person appears when mentioned,చెప్పగానే ప్రత్యక్షమవడం,person appears when mentioned
Through thick and thin,in good and bad times,సుఖదుఃఖాలలో కూడా,in good and bad
The early bird catches the worm,success comes to those who act early,ముందుగా పనిచేసేవారికి విజయం,success comes to those
Actions speak louder than words,actions are more important,మాటలకంటే పనులు ముఖ్యం,actions are more important
Barking up the wrong tree,wrong approach,తప్పు మార్గంలో ప్రయత్నించడం,wrong approach
Burn bridges,destroy relationships,సంబంధాలను చెడగొట్టడం,destroy relationships
Elephant in the room,obvious problem ignored,అందరికీ తెలిసిన సమస్యను పట్టించుకోకపోవడం,obvious problem ignored
Get cold feet,become nervous,భయపడటం,become nervous
Hit the jackpot,great success,పెద్ద విజయం సాధించడం,great success
Keep an eye on,watch carefully,జాగ్రత్తగా గమనించడం,watch carefully
Let sleeping dogs lie,avoid trouble,సమస్యను లేపకపోవడం,avoid trouble
